ID,Student Name,Email,Mobile No.
1,John Doe,john.doe@example.com,1234567890
2,Jane Smith,jane.smith@example.com,0987654321
3,Emily Johnson,emily.johnson@example.com,2345678901
4,Michael Brown,michael.brown@example.com,3456789012
5,Jessica Davis,jessica.davis@example.com,4567890123
6,Daniel Wilson,daniel.wilson@example.com,5678901234
7,Sarah Miller,sarah.miller@example.com,6789012345
8,David Garcia,david.garcia@example.com,7890123456
9,Ashley Martinez,ashley.martinez@example.com,8901234567
10,James Anderson,james.anderson@example.com,9012345678